{
  "meta": {
    "name": "ba_n100",
    "n": 100,
    "W": 1200,
    "H": 800
  },
  "pos": {
    "0": [
      549.4857682752014,
      398.1021624440872
    ],
    "1": [
      609.133180505618,
      320.3939433052241
    ],
    "2": [
      612.2114469491909,
      401.83923565675195
    ],
    "3": [
      687.645016486646,
      426.39715837827697
    ],
    "4": [
      563.4298458775227,
      311.55039787136496
    ],
    "5": [
      570.6151939918801,
      395.42886248657953
    ],
    "6": [
      662.1754348662455,
      262.85606902251203
    ],
    "7": [
      569.4307923164334,
      542.7339994413604
    ],
    "8": [
      533.2186300153033,
      424.8674262181183
    ],
    "9": [
      635.0480314367595,
      324.09971707097503
    ],
    "10": [
      464.6986913140408,
      377.93218256720627
    ],
    "11": [
      744.4542155169153,
      279.87323932815656
    ],
    "12": [
      345.3519786211807,
      358.7752470769346
    ],
    "13": [
      287.7492462531454,
      304.74002027209724
    ],
    "14": [
      543.7335958847079,
      348.8332900196557
    ],
    "15": [
      460.32960887096584,
      335.8912652720204
    ],
    "16": [
      468.9420898487432,
      323.50941272446687
    ],
    "17": [
      440.8499249577877,
      247.80418505913184
    ],
    "18": [
      819.7143772558373,
      336.58779675772746
    ],
    "19": [
      656.6538056760444,
      287.02644791423484
    ],
    "20": [
      758.6648047080646,
      420.49787233194826
    ],
    "21": [
      297.56655266883075,
      343.9315823528658
    ],
    "22": [
      696.077185737563,
      480.0540275059804
    ],
    "23": [
      889.1875580880206,
      341.7568117090648
    ],
    "24": [
      789.3137527973423,
      417.9952369373234
    ],
    "25": [
      552.9991548175834,
      505.57361294507757
    ],
    "26": [
      864.3323769572238,
      604.7996953255741
    ],
    "27": [
      516.0704503272593,
      512.8589637971485
    ],
    "28": [
      385.4931014782405,
      334.864216529626
    ],
    "29": [
      835.7507004464414,
      398.0752234745338
    ],
    "30": [
      447.5338504402399,
      454.43286426974095
    ],
    "31": [
      670.8714405732684,
      543.7099485628642
    ],
    "32": [
      597.414797781228,
      387.9368899799376
    ],
    "33": [
      598.7874448065473,
      537.8404954438333
    ],
    "34": [
      592.328005928727,
      358.42922507974913
    ],
    "35": [
      625.6037688954907,
      305.05422798472875
    ],
    "36": [
      208.8796094601919,
      441.4668043033146
    ],
    "37": [
      913.9083670660032,
      467.7091492499131
    ],
    "38": [
      540.5450523274748,
      265.92657998140174
    ],
    "39": [
      608.1186099387033,
      633.6547249309001
    ],
    "40": [
      723.1450092998747,
      411.1481950659491
    ],
    "41": [
      800.7189153014479,
      324.213273909025
    ],
    "42": [
      638.051515354551,
      571.0828648945097
    ],
    "43": [
      702.4044661435065,
      315.6190679495
    ],
    "44": [
      431.211583973028,
      500.98873910089173
    ],
    "45": [
      961.7236977546354,
      191.35413176465477
    ],
    "46": [
      800.4048757487764,
      561.4423510298707
    ],
    "47": [
      827.6535864106588,
      497.9875090617643
    ],
    "48": [
      698.1394096381297,
      321.97269305290035
    ],
    "49": [
      560.6083935100899,
      378.37056881043526
    ],
    "50": [
      289.9273783824924,
      591.3036395048656
    ],
    "51": [
      618.2719458565276,
      256.90960830238976
    ],
    "52": [
      588.7802971748262,
      425.85126937109027
    ],
    "53": [
      577.1760530686657,
      288.87316721479374
    ],
    "54": [
      625.8072580253706,
      483.27770253829834
    ],
    "55": [
      704.4461468618017,
      393.71432745691544
    ],
    "56": [
      189.3891719929902,
      256.29971971049616
    ],
    "57": [
      304.8122101755151,
      429.21145306777925
    ],
    "58": [
      869.6234087152909,
      549.0845752724692
    ],
    "59": [
      866.1775022006873,
      578.1758661595254
    ],
    "60": [
      383.69984574766136,
      598.9104174082754
    ],
    "61": [
      804.6496911513476,
      175.8051649809248
    ],
    "62": [
      343.92263911751564,
      168.3326918528938
    ],
    "63": [
      827.435521521602,
      229.78522614778868
    ],
    "64": [
      236.27919316108023,
      459.99939741291826
    ],
    "65": [
      544.2444494269984,
      162.37320046573132
    ],
    "66": [
      309.9767947500146,
      368.22844512979015
    ],
    "67": [
      347.3180198033098,
      206.1933008565231
    ],
    "68": [
      727.8484070043055,
      404.6706962882942
    ],
    "69": [
      531.7724994020839,
      386.05235947477513
    ],
    "70": [
      115.50602470012817,
      345.41019694241726
    ],
    "71": [
      585.2719648992434,
      237.6390614670581
    ],
    "72": [
      305.8578453502581,
      616.966012792956
    ],
    "73": [
      651.9768637979429,
      181.0254946113346
    ],
    "74": [
      650.0967418724308,
      608.6173276137305
    ],
    "75": [
      287.14783613706385,
      214.05920423587628
    ],
    "76": [
      204.13331614620282,
      462.8055841817409
    ],
    "77": [
      295.614573140406,
      521.9569256901149
    ],
    "78": [
      698.8414930036482,
      419.95616023186886
    ],
    "79": [
      305.1505378095264,
      672.9509574171312
    ],
    "80": [
      800.9749657636354,
      383.8275341022989
    ],
    "81": [
      379.4225199409622,
      496.7377469389853
    ],
    "82": [
      539.7781835218274,
      437.8404623684253
    ],
    "83": [
      487.3040630366535,
      452.3412223185565
    ],
    "84": [
      202.30596384389617,
      308.98736413383915
    ],
    "85": [
      1020.4567682467664,
      544.4165575743319
    ],
    "86": [
      514.29067342892,
      541.2249926871326
    ],
    "87": [
      441.4220754992788,
      578.1184834738274
    ],
    "88": [
      824.9912671068422,
      292.6737683028974
    ],
    "89": [
      382.2812965387643,
      138.86394739172064
    ],
    "90": [
      930.1955928130446,
      166.82761079866614
    ],
    "91": [
      809.6972464728952,
      686.8588562614862
    ],
    "92": [
      644.1161129208438,
      148.93165387137776
    ],
    "93": [
      790.8958596147353,
      600.2475908162342
    ],
    "94": [
      816.1889398225869,
      415.2791272524177
    ],
    "95": [
      502.1936045607532,
      325.19707196626223
    ],
    "96": [
      312.9824745275747,
      559.9810259656704
    ],
    "97": [
      481.51537750671855,
      183.77685969405886
    ],
    "98": [
      185.43180881906505,
      479.88620160816663
    ],
    "99": [
      426.6672117329926,
      354.62865325628127
    ]
  }
}