{
  "meta": {
    "name": "dm_n100",
    "n": 100,
    "W": 1200,
    "H": 800
  },
  "pos": {
    "0": [
      581.2676340443948,
      431.7111413327824
    ],
    "1": [
      585.9385668207742,
      330.6464904672352
    ],
    "2": [
      520.8837780694233,
      393.81154852940335
    ],
    "3": [
      651.3224072346309,
      419.9386160142833
    ],
    "4": [
      387.76771738415005,
      214.44697662234026
    ],
    "5": [
      830.3791585440355,
      336.78434362258116
    ],
    "6": [
      835.7740261033838,
      83.05282711232833
    ],
    "7": [
      532.4457232962943,
      504.6961700897628
    ],
    "8": [
      433.28180838087115,
      559.7263924782443
    ],
    "9": [
      839.4192573792791,
      256.42730697321514
    ],
    "10": [
      185.16493726664882,
      418.47198774302876
    ],
    "11": [
      914.4486776177279,
      336.7687879191999
    ],
    "12": [
      392.9217088447389,
      287.96459077069545
    ],
    "13": [
      353.6255915429461,
      319.18746366899757
    ],
    "14": [
      513.1843051066218,
      374.2631348836186
    ],
    "15": [
      464.42304711168674,
      351.84775773035864
    ],
    "16": [
      499.53933720664344,
      316.2682494765634
    ],
    "17": [
      406.5089603431122,
      108.25629435179621
    ],
    "18": [
      832.4286390942243,
      435.40318884656153
    ],
    "19": [
      691.918393011113,
      194.07062405545256
    ],
    "20": [
      994.021275075988,
      584.4796044950473
    ],
    "21": [
      228.5673306182925,
      290.0562814189321
    ],
    "22": [
      570.8799466614341,
      478.5727203577393
    ],
    "23": [
      901.1465026523745,
      417.8617281952254
    ],
    "24": [
      941.8070714914134,
      540.4527894972617
    ],
    "25": [
      424.01406460174024,
      419.8177624556644
    ],
    "26": [
      1047.7130016046463,
      567.2218044697713
    ],
    "27": [
      616.7266409787115,
      469.4871328313325
    ],
    "28": [
      385.75382518759244,
      311.4548806774498
    ],
    "29": [
      811.5122886404489,
      342.7960592604809
    ],
    "30": [
      427.2862481234029,
      467.9054743620108
    ],
    "31": [
      761.7079862371594,
      525.697625439885
    ],
    "32": [
      438.87055048878705,
      381.16267911713317
    ],
    "33": [
      654.4499152407419,
      527.8060756964162
    ],
    "34": [
      553.9061774306018,
      294.9839043406237
    ],
    "35": [
      548.7771706334493,
      107.57356915478987
    ],
    "36": [
      270.0286867056875,
      491.9327685060845
    ],
    "37": [
      882.5304426879316,
      435.94247459083647
    ],
    "38": [
      465.76886834378644,
      163.3221097047169
    ],
    "39": [
      587.963411416506,
      691.4694313307926
    ],
    "40": [
      721.5963910607364,
      426.2081082364815
    ],
    "41": [
      889.7437415819091,
      290.8775732121652
    ],
    "42": [
      505.1155874323656,
      636.7191349948486
    ],
    "43": [
      670.0142833108572,
      354.51765479583565
    ],
    "44": [
      471.8554511842276,
      476.1608314071486
    ],
    "45": [
      1017.1501238103062,
      94.19751738344132
    ],
    "46": [
      877.134873985765,
      607.1466833790515
    ],
    "47": [
      816.6294701183346,
      544.2581087215731
    ],
    "48": [
      770.035874160175,
      446.89582335243745
    ],
    "49": [
      700.926266570497,
      382.4756636561477
    ],
    "50": [
      165.81344841946418,
      641.9362079752791
    ],
    "51": [
      680.9427816119794,
      205.27580385857837
    ],
    "52": [
      651.8893581492565,
      415.171163015864
    ],
    "53": [
      438.3246587457714,
      365.500556318352
    ],
    "54": [
      603.7130010118748,
      562.1002676402912
    ],
    "55": [
      616.0180818536354,
      325.07146006470674
    ],
    "56": [
      332.20716918337297,
      261.4397994219088
    ],
    "57": [
      384.197298308009,
      484.05339947213935
    ],
    "58": [
      787.7834924342833,
      483.5127771974943
    ],
    "59": [
      905.0725476035234,
      647.2454737837567
    ],
    "60": [
      429.8403475674464,
      606.7326486919666
    ],
    "61": [
      764.1239928587895,
      176.73811184911128
    ],
    "62": [
      114.17043073457022,
      172.34484976913586
    ],
    "63": [
      668.2819085713758,
      233.34686363012287
    ],
    "64": [
      286.42098160398854,
      436.56797684130436
    ],
    "65": [
      451.87563451597674,
      262.2646460279234
    ],
    "66": [
      384.390995269865,
      364.70272154274215
    ],
    "67": [
      273.4417533343306,
      215.98875605929183
    ],
    "68": [
      729.5682315656351,
      312.86075553112886
    ],
    "69": [
      371.0178087499212,
      332.0823974953575
    ],
    "70": [
      164.30204377142766,
      329.97021465635015
    ],
    "71": [
      579.6482925345272,
      245.60062453423063
    ],
    "72": [
      241.59961038851867,
      648.4732764777265
    ],
    "73": [
      580.3926963227156,
      181.6007882739098
    ],
    "74": [
      669.7419266378631,
      560.8121397965517
    ],
    "75": [
      141.4252721915219,
      54.42157020466672
    ],
    "76": [
      209.669865365723,
      517.2949191066657
    ],
    "77": [
      286.68068664523236,
      505.8873723138712
    ],
    "78": [
      687.698424082361,
      432.54649532129093
    ],
    "79": [
      343.59056395729993,
      723.7353924496499
    ],
    "80": [
      806.8287289511399,
      450.97314745175646
    ],
    "81": [
      392.2320315635154,
      524.5059973767441
    ],
    "82": [
      556.5430492735182,
      432.72708282243286
    ],
    "83": [
      431.30923745306325,
      497.2629136419445
    ],
    "84": [
      183.25060478898192,
      257.158352656591
    ],
    "85": [
      1055.706631999041,
      668.9706328159348
    ],
    "86": [
      374.01558523721997,
      600.2107885803175
    ],
    "87": [
      393.6881774792467,
      675.6422002178846
    ],
    "88": [
      821.5230362114579,
      353.1504099788336
    ],
    "89": [
      417.8119862128841,
      62.0346520167348
    ],
    "90": [
      921.9650253185779,
      72.28547323113052
    ],
    "91": [
      848.3797787296004,
      646.7285827073212
    ],
    "92": [
      594.7450951851995,
      174.39525952877653
    ],
    "93": [
      979.6020135249809,
      691.2488608666192
    ],
    "94": [
      836.7258084569554,
      370.19416722284086
    ],
    "95": [
      483.44108659388075,
      288.1225433606899
    ],
    "96": [
      381.2451613227215,
      521.8634380962286
    ],
    "97": [
      611.0715112143153,
      244.20412814792405
    ],
    "98": [
      216.43109713657847,
      547.018378425039
    ],
    "99": [
      386.010456333311,
      403.90118460842956
    ]
  }
}