{
  "meta": {
    "name": "erdos_n100",
    "n": 100,
    "W": 1200,
    "H": 800
  },
  "pos": {
    "0": [
      303.6459970930013,
      584.0592473601175
    ],
    "1": [
      748.1410190563605,
      422.1245370238136
    ],
    "2": [
      558.7632021787379,
      294.382069446885
    ],
    "3": [
      658.5219560014418,
      564.9531966416977
    ],
    "4": [
      201.7257924623433,
      135.86508113086765
    ],
    "5": [
      942.8463734402337,
      348.58982314189615
    ],
    "6": [
      914.2815315501302,
      0.0
    ],
    "7": [
      506.5359469580163,
      518.0609515905882
    ],
    "8": [
      271.46563024252583,
      639.851284786799
    ],
    "9": [
      961.8679911379768,
      140.3625470957783
    ],
    "10": [
      150.4924183674429,
      410.013946761517
    ],
    "11": [
      1000.7276606888245,
      339.43009428378525
    ],
    "12": [
      331.22680721512666,
      298.849967950732
    ],
    "13": [
      75.62445237927656,
      295.02239854581126
    ],
    "14": [
      586.37454054917,
      380.92372420797955
    ],
    "15": [
      341.10438931250116,
      267.57842792376664
    ],
    "16": [
      364.1908568547808,
      367.7468019402776
    ],
    "17": [
      429.96932604460284,
      145.89474245929048
    ],
    "18": [
      843.9861508634266,
      440.8111135514815
    ],
    "19": [
      751.1920484835515,
      246.99029498474124
    ],
    "20": [
      959.506516883226,
      529.1195119215122
    ],
    "21": [
      287.6716624853016,
      329.0007167699472
    ],
    "22": [
      784.3713755594349,
      507.2496709273342
    ],
    "23": [
      887.320145243438,
      384.11731474574486
    ],
    "24": [
      1001.0392611098766,
      498.1542162955787
    ],
    "25": [
      370.3423508084561,
      417.4791168923954
    ],
    "26": [
      913.673889144879,
      600.6797593793008
    ],
    "27": [
      538.2242771480027,
      468.4012660849573
    ],
    "28": [
      242.2211920607568,
      259.6653789195499
    ],
    "29": [
      838.6556288198306,
      329.32379068787236
    ],
    "30": [
      258.46029216800804,
      410.720883836707
    ],
    "31": [
      650.3182700704715,
      444.51591897215417
    ],
    "32": [
      473.0592250628757,
      363.5523761139755
    ],
    "33": [
      528.444613579937,
      560.522701939059
    ],
    "34": [
      639.2220633339728,
      334.1432740962558
    ],
    "35": [
      584.2543746934525,
      140.80616159684087
    ],
    "36": [
      221.45472799104593,
      504.66717072025665
    ],
    "37": [
      1056.2431777221,
      454.5148681791566
    ],
    "38": [
      558.965892963069,
      201.5537497291748
    ],
    "39": [
      681.7974594906377,
      631.1449224172399
    ],
    "40": [
      746.9245880286222,
      475.85450292766507
    ],
    "41": [
      962.2692030103474,
      255.05391270858107
    ],
    "42": [
      589.2676109110384,
      640.6271799534967
    ],
    "43": [
      576.6462670646524,
      394.2618207467734
    ],
    "44": [
      442.93436913797825,
      378.2856209355069
    ],
    "45": [
      978.8432274760731,
      78.3627027629846
    ],
    "46": [
      801.1396374507234,
      552.7347242892123
    ],
    "47": [
      819.7603804875527,
      459.34516334831375
    ],
    "48": [
      842.7705547817773,
      358.2993322447857
    ],
    "49": [
      652.5989536837045,
      376.4562055606493
    ],
    "50": [
      252.71813449518154,
      677.2339127894165
    ],
    "51": [
      634.3101255323352,
      206.02591654544926
    ],
    "52": [
      536.9488712178554,
      354.15278631971574
    ],
    "53": [
      417.4201763658579,
      280.021855887211
    ],
    "54": [
      581.3837783090328,
      477.6305572627213
    ],
    "55": [
      711.4443034787267,
      350.84520218680314
    ],
    "56": [
      155.00466825523424,
      277.71008179012364
    ],
    "57": [
      449.7656309437014,
      462.8815021318772
    ],
    "58": [
      794.8356452186838,
      606.0536495242108
    ],
    "59": [
      680.6177587775281,
      536.8636935997156
    ],
    "60": [
      425.4532604572245,
      530.0694227314444
    ],
    "61": [
      698.2086910652154,
      147.7009697470931
    ],
    "62": [
      132.6460775794087,
      108.48268027972982
    ],
    "63": [
      777.7113603385053,
      283.8636905604167
    ],
    "64": [
      338.94099964158653,
      454.4264627520217
    ],
    "65": [
      414.06328695217536,
      195.55213105869285
    ],
    "66": [
      286.45176601340194,
      394.6332422254858
    ],
    "67": [
      225.55820720277544,
      277.8446032120692
    ],
    "68": [
      787.5937835609651,
      392.88693855009154
    ],
    "69": [
      537.0029990983824,
      449.64063868284006
    ],
    "70": [
      166.19494640617955,
      323.1772169654114
    ],
    "71": [
      632.8158735936292,
      232.00737167687194
    ],
    "72": [
      257.464187376631,
      650.9180755677141
    ],
    "73": [
      731.1954209786059,
      271.89960320481293
    ],
    "74": [
      631.203906586684,
      569.9505065565334
    ],
    "75": [
      302.67226739385137,
      167.40611478480005
    ],
    "76": [
      466.8108925724476,
      491.72175783970516
    ],
    "77": [
      414.55686513182224,
      559.9421417558824
    ],
    "78": [
      754.761468656079,
      465.6786408900121
    ],
    "79": [
      359.4909803405321,
      699.0727250742129
    ],
    "80": [
      904.1129865323392,
      420.20426560791856
    ],
    "81": [
      408.00991716103454,
      435.42221495957045
    ],
    "82": [
      498.23336829353883,
      500.8004018588847
    ],
    "83": [
      420.03977442638376,
      452.90596436126026
    ],
    "84": [
      405.74140453513934,
      287.92864975211444
    ],
    "85": [
      947.5438631700583,
      568.494122758982
    ],
    "86": [
      439.86940577428044,
      585.9808234702923
    ],
    "87": [
      354.34100086586506,
      692.562557129831
    ],
    "88": [
      744.3797046500076,
      269.0954652150451
    ],
    "89": [
      427.2251136789531,
      201.35516441425347
    ],
    "90": [
      837.2854300925616,
      239.98193958558034
    ],
    "91": [
      828.2206709313191,
      625.7726630794195
    ],
    "92": [
      699.9781414465081,
      248.74445417780305
    ],
    "93": [
      933.006272049988,
      700.7606203402244
    ],
    "94": [
      840.1951505343167,
      415.31330893976235
    ],
    "95": [
      419.9710799373411,
      312.29468363666626
    ],
    "96": [
      414.8863406719362,
      457.44607221980925
    ],
    "97": [
      449.08581249159084,
      199.55365178168879
    ],
    "98": [
      273.34416401382526,
      524.5918559344551
    ],
    "99": [
      410.84533536707113,
      424.04736251068823
    ]
  }
}