{
  "meta": {
    "name": "geo_n100",
    "n": 100,
    "W": 1200,
    "H": 800
  },
  "pos": {
    "0": [
      196.79827414974687,
      672.626578267638
    ],
    "1": [
      927.5545930632009,
      213.59068364483755
    ],
    "2": [
      561.2101401100473,
      355.0869909500782
    ],
    "3": [
      793.8428027827988,
      626.441583730099
    ],
    "4": [
      152.27495319761204,
      28.307336613174506
    ],
    "5": [
      999.2406071600648,
      335.18002452324043
    ],
    "6": [
      912.0530743800012,
      14.996754721772207
    ],
    "7": [
      533.6271927398262,
      560.2397479734581
    ],
    "8": [
      283.52089566187874,
      728.3048048825531
    ],
    "9": [
      1072.0935382434684,
      33.316740880332475
    ],
    "10": [
      70.368286622979,
      426.9982159559919
    ],
    "11": [
      1110.3739395766734,
      278.9451981889764
    ],
    "12": [
      299.155539947366,
      298.19410413837267
    ],
    "13": [
      76.87121289329107,
      145.89181597238547
    ],
    "14": [
      521.4255644734234,
      409.4747456321433
    ],
    "15": [
      305.243571825323,
      193.06482213383748
    ],
    "16": [
      284.8386217190486,
      354.2473927594754
    ],
    "17": [
      363.9605594264371,
      18.34561735665879
    ],
    "18": [
      979.8738311560207,
      455.7442195569641
    ],
    "19": [
      771.4192173482661,
      164.9919336017543
    ],
    "20": [
      1173.5586895307,
      656.9982066820901
    ],
    "21": [
      169.83427106629637,
      279.9669466227326
    ],
    "22": [
      886.1477991926157,
      568.3106067143179
    ],
    "23": [
      1089.4333304493794,
      375.3148228932953
    ],
    "24": [
      979.3878203855696,
      534.5210603682928
    ],
    "25": [
      378.9708174958164,
      464.40541925226864
    ],
    "26": [
      1051.07486448807,
      684.0792257647373
    ],
    "27": [
      611.6047674183035,
      468.2231818611739
    ],
    "28": [
      86.3515210025801,
      213.90012594507695
    ],
    "29": [
      943.6396583786391,
      315.5576929723646
    ],
    "30": [
      253.44431388218138,
      432.77440961198556
    ],
    "31": [
      828.6241424022285,
      538.6395494137998
    ],
    "32": [
      455.1023056633237,
      361.47125680871875
    ],
    "33": [
      626.2010158002236,
      616.6561404644923
    ],
    "34": [
      593.3396203850655,
      288.7135597124309
    ],
    "35": [
      566.3476120869475,
      44.43151774939503
    ],
    "36": [
      78.55346214217994,
      563.8530626650486
    ],
    "37": [
      1133.9724677406625,
      476.5189617099896
    ],
    "38": [
      465.32443877052634,
      147.7265860119651
    ],
    "39": [
      583.1102000597962,
      800.0
    ],
    "40": [
      887.0898720007334,
      454.87159572049916
    ],
    "41": [
      1023.8989338146188,
      191.67376139080045
    ],
    "42": [
      634.0832489414838,
      722.6994544366153
    ],
    "43": [
      698.6978338569958,
      411.34073210861635
    ],
    "44": [
      326.56584860036025,
      436.43262795427864
    ],
    "45": [
      1154.1933134187354,
      16.710665658782126
    ],
    "46": [
      897.3894197357926,
      666.1324712377838
    ],
    "47": [
      1062.6852961614527,
      572.11815637505
    ],
    "48": [
      980.0123662373078,
      404.769385637262
    ],
    "49": [
      686.0652395383353,
      329.35522582886404
    ],
    "50": [
      63.7326235813524,
      681.9835814432563
    ],
    "51": [
      677.5723701866044,
      184.57607232432707
    ],
    "52": [
      605.7564690033217,
      405.3736139192144
    ],
    "53": [
      420.03220846693034,
      268.1393679470029
    ],
    "54": [
      661.1267056401721,
      506.51852806576255
    ],
    "55": [
      730.4208935790803,
      368.1059644487156
    ],
    "56": [
      8.969551908476461,
      208.4245995684144
    ],
    "57": [
      224.09318145831168,
      474.7921675108349
    ],
    "58": [
      1018.0711913611451,
      632.4696756771363
    ],
    "59": [
      948.4706810578573,
      637.5693651051922
    ],
    "60": [
      290.20057559711177,
      655.4160299231786
    ],
    "61": [
      793.5335389491904,
      72.90576549171267
    ],
    "62": [
      0.17261096520511848,
      0.0
    ],
    "63": [
      864.336051198245,
      193.70625202948156
    ],
    "64": [
      147.15582313191564,
      463.66530416005673
    ],
    "65": [
      435.25213244973565,
      63.632829460739345
    ],
    "66": [
      207.95998742384742,
      400.18210706414277
    ],
    "67": [
      193.99588184389145,
      203.21931749643497
    ],
    "68": [
      834.0543555659915,
      350.6931335565948
    ],
    "69": [
      402.17855440082474,
      371.5477812454869
    ],
    "70": [
      24.351845931444906,
      314.0759335789024
    ],
    "71": [
      521.9234120948872,
      139.7559226303857
    ],
    "72": [
      155.37438589986414,
      737.3833714286511
    ],
    "73": [
      614.2470506172837,
      181.43137297075546
    ],
    "74": [
      730.5767574586116,
      646.8856437581511
    ],
    "75": [
      62.69083203055719,
      49.8322410497107
    ],
    "76": [
      165.08169362265525,
      594.8611222380479
    ],
    "77": [
      216.30625523541627,
      559.9657323442711
    ],
    "78": [
      796.5849187168445,
      447.30277494267074
    ],
    "79": [
      268.7517359142788,
      792.9541146985974
    ],
    "80": [
      925.8770219004492,
      407.24335345106175
    ],
    "81": [
      290.324763879305,
      509.9935794452817
    ],
    "82": [
      485.04524864832234,
      470.4082467118166
    ],
    "83": [
      391.4616357406648,
      527.4458901553367
    ],
    "84": [
      98.59388190260515,
      280.9304755528063
    ],
    "85": [
      1120.114670098969,
      708.9529321992329
    ],
    "86": [
      378.81140219689814,
      673.1638974071305
    ],
    "87": [
      393.51076762809026,
      760.5368152955708
    ],
    "88": [
      867.8953262198946,
      317.13122728379557
    ],
    "89": [
      279.95439849651177,
      17.428262613653985
    ],
    "90": [
      1006.7704702271413,
      55.3841169569328
    ],
    "91": [
      961.859632325002,
      755.3065656731245
    ],
    "92": [
      658.0644086792825,
      102.17660754943729
    ],
    "93": [
      1040.6453839026187,
      762.6057549878497
    ],
    "94": [
      840.0307987377794,
      408.5360943572439
    ],
    "95": [
      479.1671092773607,
      277.60958426818235
    ],
    "96": [
      270.0024546576608,
      559.7877976057323
    ],
    "97": [
      551.1171643473932,
      184.7712778174393
    ],
    "98": [
      139.0490994469076,
      521.9043691234378
    ],
    "99": [
      359.504177039539,
      389.4952973972194
    ]
  }
}