{
  "meta": {
    "name": "gilbert_n100",
    "n": 100,
    "W": 1200,
    "H": 800
  },
  "pos": {
    "0": [
      332.3448353742753,
      545.3354018275165
    ],
    "1": [
      613.8739348614812,
      280.0450832350861
    ],
    "2": [
      616.1053992464325,
      415.9386604773295
    ],
    "3": [
      712.5852107577927,
      566.6428909493243
    ],
    "4": [
      183.57425379355777,
      144.4416302036892
    ],
    "5": [
      940.8167686403524,
      292.72638397185557
    ],
    "6": [
      789.8087946932626,
      50.582203058971565
    ],
    "7": [
      612.506409768102,
      477.9622043537838
    ],
    "8": [
      288.2750347539775,
      729.0654704224249
    ],
    "9": [
      908.3672626335324,
      258.0041758963819
    ],
    "10": [
      101.36181839390312,
      434.0007834398158
    ],
    "11": [
      942.8341704581849,
      368.7137139448346
    ],
    "12": [
      403.22635707565274,
      313.9223934751237
    ],
    "13": [
      171.49682519271298,
      289.85867137002555
    ],
    "14": [
      474.88767473595624,
      410.98579775367926
    ],
    "15": [
      392.7494601130989,
      199.6716882427364
    ],
    "16": [
      522.240207796802,
      383.07155433587894
    ],
    "17": [
      371.1897582988196,
      194.66777072983302
    ],
    "18": [
      637.2610382197574,
      379.6989485193095
    ],
    "19": [
      759.6402974855304,
      177.7958738905648
    ],
    "20": [
      881.7134300082446,
      562.1883361269572
    ],
    "21": [
      202.55027466917437,
      362.67208130782205
    ],
    "22": [
      789.5856417349527,
      550.8612360071415
    ],
    "23": [
      1080.8393592704422,
      354.4855099556621
    ],
    "24": [
      989.6865481007475,
      460.7773882585917
    ],
    "25": [
      475.7920736993945,
      402.1755963970611
    ],
    "26": [
      956.4799916103266,
      649.2804626756094
    ],
    "27": [
      556.7979087441631,
      467.56113832047055
    ],
    "28": [
      298.42339696547737,
      287.4923137006547
    ],
    "29": [
      734.8546573582829,
      395.48975176881765
    ],
    "30": [
      418.3020018094774,
      331.72989982330597
    ],
    "31": [
      612.1663414459026,
      459.22028254033387
    ],
    "32": [
      556.9870368074683,
      431.97156221198463
    ],
    "33": [
      595.6923461118621,
      542.122052266379
    ],
    "34": [
      583.8842925511988,
      313.5660476706773
    ],
    "35": [
      688.7032505049234,
      124.19229316193758
    ],
    "36": [
      210.74972053608002,
      504.40876176374843
    ],
    "37": [
      926.1966353586253,
      418.72165228406897
    ],
    "38": [
      502.69600435066855,
      222.1710233272477
    ],
    "39": [
      652.7876310954086,
      614.8146548579471
    ],
    "40": [
      798.4512037206086,
      407.4104825753342
    ],
    "41": [
      939.0060984463057,
      207.6482182028728
    ],
    "42": [
      615.9697744766812,
      769.7262292767017
    ],
    "43": [
      567.5040589749522,
      352.9787784830697
    ],
    "44": [
      405.362234147449,
      420.0993841002876
    ],
    "45": [
      730.195409051788,
      229.3107701018192
    ],
    "46": [
      689.0995278541413,
      443.9862155082724
    ],
    "47": [
      1011.9801620630376,
      600.7579898408266
    ],
    "48": [
      780.8763466950677,
      419.98245241992964
    ],
    "49": [
      651.2564440718363,
      316.0169731463747
    ],
    "50": [
      137.69662627513165,
      661.9931714312494
    ],
    "51": [
      593.8024469683011,
      279.4371653661726
    ],
    "52": [
      757.5540284393483,
      337.3577499708693
    ],
    "53": [
      433.4296702010593,
      332.1830691018799
    ],
    "54": [
      698.446044985871,
      487.7989630018069
    ],
    "55": [
      715.897163741926,
      350.1917873507104
    ],
    "56": [
      291.66519462400055,
      221.20010953232136
    ],
    "57": [
      318.4313129273481,
      448.64844696423796
    ],
    "58": [
      860.607038590967,
      532.7466301933589
    ],
    "59": [
      793.6719924889874,
      571.2227545911622
    ],
    "60": [
      308.57989336640367,
      690.2312386243857
    ],
    "61": [
      692.9293664528096,
      192.35857049867457
    ],
    "62": [
      161.7010964765482,
      72.95499566834728
    ],
    "63": [
      844.3418697512608,
      233.91576262966996
    ],
    "64": [
      284.3679178352008,
      413.48408357241584
    ],
    "65": [
      491.83258410089746,
      189.55976984894716
    ],
    "66": [
      355.72655619806136,
      428.9185036465934
    ],
    "67": [
      299.02362985753916,
      280.19480454326964
    ],
    "68": [
      640.2321738351415,
      289.0207981873947
    ],
    "69": [
      557.805855915712,
      353.5758732410888
    ],
    "70": [
      188.448915607461,
      324.0664726048303
    ],
    "71": [
      502.65456855788034,
      219.42442668417567
    ],
    "72": [
      214.22053209780745,
      697.4595659973577
    ],
    "73": [
      631.8878476023064,
      239.40830791573592
    ],
    "74": [
      691.4183720611563,
      598.1339079669252
    ],
    "75": [
      183.78292864805647,
      85.19885684229054
    ],
    "76": [
      350.29626398902366,
      473.09570123922543
    ],
    "77": [
      267.3237768282889,
      436.9156318008475
    ],
    "78": [
      668.8088005912743,
      372.08727694156204
    ],
    "79": [
      273.5340632056863,
      596.927301839655
    ],
    "80": [
      865.6772982648081,
      372.4402579089517
    ],
    "81": [
      425.6807799445205,
      492.3080756300623
    ],
    "82": [
      572.2696596238947,
      410.5547124632417
    ],
    "83": [
      560.4083853549956,
      490.16515872526406
    ],
    "84": [
      285.06771803519104,
      286.0694501621188
    ],
    "85": [
      1035.5276142389664,
      656.0570132038783
    ],
    "86": [
      483.2106032879597,
      660.8940302095333
    ],
    "87": [
      461.49614105421443,
      533.3386749582857
    ],
    "88": [
      676.0448656531266,
      328.41778282266296
    ],
    "89": [
      468.2678432672913,
      277.6210734650126
    ],
    "90": [
      975.7653363663079,
      99.58077109971632
    ],
    "91": [
      934.8240056403478,
      693.8262008357991
    ],
    "92": [
      633.943072633364,
      331.41136367545397
    ],
    "93": [
      907.1045940142703,
      695.8945471183102
    ],
    "94": [
      687.7837493047399,
      407.72627770879546
    ],
    "95": [
      495.79477218405646,
      325.33191799310646
    ],
    "96": [
      354.3221863345475,
      408.3784222003265
    ],
    "97": [
      573.3696344970149,
      282.4323913667393
    ],
    "98": [
      334.05455643675265,
      515.5625020552079
    ],
    "99": [
      422.17988652931524,
      416.40233122560744
    ]
  }
}