{
  "meta": {
    "name": "malla_n100",
    "n": 100,
    "W": 1200,
    "H": 800
  },
  "pos": {
    "(0, 0)": [
      223.92299943495055,
      620.3786436472191
    ],
    "(0, 1)": [
      805.543604274628,
      265.46687132370266
    ],
    "(0, 2)": [
      607.8593206033014,
      360.0295732167353
    ],
    "(0, 3)": [
      641.3463045335238,
      515.4724028734697
    ],
    "(0, 4)": [
      302.4455888636638,
      140.27294818740754
    ],
    "(0, 5)": [
      840.4314038443363,
      266.6007644142242
    ],
    "(0, 6)": [
      809.4418932233506,
      123.2204648815178
    ],
    "(0, 7)": [
      544.702536337812,
      495.46159066509125
    ],
    "(0, 8)": [
      445.58818592094224,
      642.3465863704893
    ],
    "(0, 9)": [
      979.690178954857,
      99.7236273688853
    ],
    "(1, 0)": [
      215.11570086544677,
      457.39325977903553
    ],
    "(1, 1)": [
      872.9570982065363,
      312.7895651734677
    ],
    "(1, 2)": [
      422.3729684493287,
      332.7572849779255
    ],
    "(1, 3)": [
      266.3912593387051,
      265.9528364811122
    ],
    "(1, 4)": [
      477.58526223669776,
      333.41904351343624
    ],
    "(1, 5)": [
      389.1421127523865,
      236.12761574626157
    ],
    "(1, 6)": [
      409.49807919202686,
      328.4107007545571
    ],
    "(1, 7)": [
      455.2821493295869,
      183.3884672260365
    ],
    "(1, 8)": [
      787.3325836871716,
      388.77004131589007
    ],
    "(1, 9)": [
      831.2325958507647,
      172.25171795803308
    ],
    "(2, 0)": [
      933.1438149290944,
      610.980294182725
    ],
    "(2, 1)": [
      443.2131243250796,
      344.6461611165224
    ],
    "(2, 2)": [
      733.0633263301658,
      489.94303983416864
    ],
    "(2, 3)": [
      941.6955237560903,
      388.84631515719127
    ],
    "(2, 4)": [
      841.5450268240184,
      472.91394764304744
    ],
    "(2, 5)": [
      506.76152505424,
      420.14550675340257
    ],
    "(2, 6)": [
      787.7171178550249,
      586.9151078948407
    ],
    "(2, 7)": [
      622.163097802867,
      423.4795142447784
    ],
    "(2, 8)": [
      320.98688309124697,
      254.3041919405854
    ],
    "(2, 9)": [
      829.2477793803231,
      339.2038739105727
    ],
    "(3, 0)": [
      430.5771540979758,
      461.9046995365881
    ],
    "(3, 1)": [
      708.0129919587865,
      466.4889279680019
    ],
    "(3, 2)": [
      562.7221745598082,
      440.4859543514317
    ],
    "(3, 3)": [
      657.2478214712536,
      542.0409099847965
    ],
    "(3, 4)": [
      637.8749155004771,
      337.98689589041794
    ],
    "(3, 5)": [
      584.7265873954707,
      153.66927565385885
    ],
    "(3, 6)": [
      355.2947010200511,
      522.2532997136599
    ],
    "(3, 7)": [
      961.4469827213145,
      444.28367364420336
    ],
    "(3, 8)": [
      570.9895296255279,
      257.06536477303774
    ],
    "(3, 9)": [
      638.5595804154691,
      635.4358039060565
    ],
    "(4, 0)": [
      785.6747293274192,
      434.73430157753313
    ],
    "(4, 1)": [
      908.1747399746154,
      291.84799274410597
    ],
    "(4, 2)": [
      643.3175848871849,
      598.5945329439667
    ],
    "(4, 3)": [
      638.7646486225477,
      418.8605030988402
    ],
    "(4, 4)": [
      479.06567935207505,
      390.4668942424812
    ],
    "(4, 5)": [
      936.423018857523,
      149.70444357901255
    ],
    "(4, 6)": [
      801.4672493278691,
      543.5960954490723
    ],
    "(4, 7)": [
      970.4241843718692,
      557.4001992467585
    ],
    "(4, 8)": [
      910.0686691466908,
      419.9739983800804
    ],
    "(4, 9)": [
      720.0450719108104,
      427.6109938868862
    ],
    "(5, 0)": [
      215.5593972718527,
      625.2795350917377
    ],
    "(5, 1)": [
      656.768294344849,
      235.0334792647382
    ],
    "(5, 2)": [
      559.9459066751671,
      368.82997962448144
    ],
    "(5, 3)": [
      513.9822973402122,
      284.08332024179776
    ],
    "(5, 4)": [
      561.9801950437108,
      460.1523840904702
    ],
    "(5, 5)": [
      659.3110754968901,
      290.17671999609024
    ],
    "(5, 6)": [
      209.57630426385887,
      280.0067476818106
    ],
    "(5, 7)": [
      354.5974192397174,
      441.0400748812303
    ],
    "(5, 8)": [
      935.9055439725806,
      561.3175194300835
    ],
    "(5, 9)": [
      844.9684009836257,
      602.3139433463554
    ],
    "(6, 0)": [
      314.56656699936144,
      578.1936557995288
    ],
    "(6, 1)": [
      639.3401340227191,
      132.05253040841242
    ],
    "(6, 2)": [
      240.28021335630132,
      134.16861360694097
    ],
    "(6, 3)": [
      684.8300071696619,
      215.76490552934652
    ],
    "(6, 4)": [
      319.98697020093,
      425.59803908158824
    ],
    "(6, 5)": [
      375.94423097355127,
      165.81239827983543
    ],
    "(6, 6)": [
      195.10632070132877,
      376.43428561781633
    ],
    "(6, 7)": [
      282.2381336121505,
      298.05632446706954
    ],
    "(6, 8)": [
      756.1514460630482,
      382.55381611593475
    ],
    "(6, 9)": [
      481.3886805159472,
      443.88356184982786
    ],
    "(7, 0)": [
      182.74959006371878,
      339.3131805509879
    ],
    "(7, 1)": [
      430.6050281816144,
      241.8889179775088
    ],
    "(7, 2)": [
      244.95479871060584,
      524.4364787746607
    ],
    "(7, 3)": [
      558.1899303511962,
      290.4522331054235
    ],
    "(7, 4)": [
      544.724630678654,
      511.5408694111015
    ],
    "(7, 5)": [
      209.84720234978423,
      188.0724454415814
    ],
    "(7, 6)": [
      165.29699318444202,
      525.5018847825006
    ],
    "(7, 7)": [
      293.19779862704104,
      542.8819788511571
    ],
    "(7, 8)": [
      679.2425330409346,
      488.4546098331922
    ],
    "(7, 9)": [
      346.3855240887034,
      641.9660527360533
    ],
    "(8, 0)": [
      826.6711321909651,
      378.0900434369928
    ],
    "(8, 1)": [
      434.38951141825544,
      500.67572037828853
    ],
    "(8, 2)": [
      487.4343706525552,
      441.7682406419676
    ],
    "(8, 3)": [
      439.79160221274265,
      499.012119216801
    ],
    "(8, 4)": [
      316.77322414608955,
      352.39842940178136
    ],
    "(8, 5)": [
      843.7775377945062,
      575.6138877300705
    ],
    "(8, 6)": [
      403.2212192921129,
      627.6502135035701
    ],
    "(8, 7)": [
      436.51675115827294,
      670.9984941029782
    ],
    "(8, 8)": [
      695.0372344406034,
      357.56532132265824
    ],
    "(8, 9)": [
      360.69298656446693,
      153.9114860197932
    ],
    "(9, 0)": [
      1020.783259719467,
      156.14854767874337
    ],
    "(9, 1)": [
      888.9395182772109,
      618.9454466196654
    ],
    "(9, 2)": [
      716.6996997594827,
      291.4238085101269
    ],
    "(9, 3)": [
      909.3350691065344,
      657.7181992262044
    ],
    "(9, 4)": [
      750.7697361461973,
      422.73396487046557
    ],
    "(9, 5)": [
      537.302785040097,
      350.3908312421323
    ],
    "(9, 6)": [
      315.251315671832,
      493.36601260763166
    ],
    "(9, 7)": [
      436.78382098838557,
      292.93646371546316
    ],
    "(9, 8)": [
      245.22726166363088,
      461.6385963750006
    ],
    "(9, 9)": [
      331.3298858545369,
      366.81245921259983
    ]
  }
}